T,C,F1627194706.6348214,69.75,157.55
1627194717.5147398,71.375,160.475
1627194728.4040358,71.5,160.70000000000002
1627194739.2847283,71.125,160.025
1627194750.1554456,70.5,158.9
1627194761.0745037,69.75,157.55
1627194771.9948,69.062,156.3116
1627194782.87406,68.437,155.1866
1627194793.7549598,67.812,154.0616
1627194804.6345572,67.187,152.9366
1627194815.5148535,66.625,151.925
1627194826.393886,66.125,151.025
1627194837.2755277,65.562,150.0116
1627194848.1939282,65.125,149.22500000000002
1627194859.1147144,64.625,148.325
1627194870.0046654,64.062,147.3116
1627194880.914738,63.562,146.4116
1627194891.834477,63.125,145.625
1627194902.7545912,62.687,144.8366
1627194913.674548,62.25,144.05
1627194924.5553646,61.75,143.15
1627194935.435199,61.437,142.5866
1627194946.3141336,61.062,141.9116
1627194957.1948667,60.625,141.125
1627194968.0739052,60.187,140.3366
1627194978.953891,59.875,139.775
1627194989.8447962,59.562,139.2116
1627195000.7152002,59.125,138.425
1627195011.595646,58.687,137.6366
1627195022.4745154,58.437,137.1866
1627195033.3542972,58.062,136.5116
1627195044.2410424,57.625,135.72500000000002
1627195055.1251705,57.25,135.05
1627195066.0750127,56.937,134.4866
1627195077.0550935,56.687,134.0366
1627195087.9140105,56.687,134.0366
1627195098.7948241,56.0,132.8
1627195109.6762815,55.625,132.125
1627195120.5565345,55.375,131.675
1627195131.436282,55.125,131.22500000000002
1627195142.3151202,54.75,130.55
1627195153.196686,54.5,130.10000000000002
1627195164.0738096,54.25,129.65
1627195174.9546585,53.875,128.97500000000002
1627195185.8451698,53.625,128.525
1627195196.715486,53.375,128.075
1627195207.6039073,53.125,127.625
1627195218.473889,52.812,127.0616
1627195229.354262,52.5,126.5
1627195240.2345662,52.312,126.16159999999999
1627195251.1147375,52.062,125.7116
1627195261.9951756,51.812,125.2616
1627195272.9149325,51.5,124.7
1627195283.8442028,51.25,124.25
1627195294.713959,51.062,123.91159999999999
1627195305.5947714,50.937,123.6866
1627195316.4846153,50.75,123.35000000000001
1627195327.3640804,50.562,123.0116
1627195338.2339005,50.375,122.675
1627195349.1143556,50.125,122.22500000000001
1627195359.9946926,50.0,122.0
1627195370.9253612,49.75,121.55
1627195381.83472,49.437,120.9866
1627195392.7149916,49.25,120.65
1627195403.5947454,49.125,120.425
1627195414.4738119,49.0,120.2
1627195425.394485,48.75,119.75
1627195436.3145206,48.5,119.3
1627195447.1945858,48.25,118.85000000000001
1627195458.084317,48.0,118.4
1627195468.9547038,47.812,118.0616
1627195479.834509,47.625,117.72500000000001
1627195490.714435,47.312,117.16159999999999
1627195501.5944593,47.125,116.825
1627195512.4748356,46.937,116.4866
1627195523.35456,46.812,116.2616
1627195534.234668,46.687,116.03659999999999
1627195545.1145475,46.625,115.925
1627195556.0344272,46.437,115.5866
1627195566.9538279,46.312,115.3616
1627195577.8346117,46.125,115.025
1627195588.714747,45.937,114.6866
1627195599.5947902,45.75,114.35000000000001
1627195610.485464,45.562,114.0116
1627195621.354456,45.375,113.675
1627195632.2449944,45.25,113.45
1627195643.1148489,45.125,113.22500000000001
1627195653.9947495,45.0,113.0
1627195664.8738837,44.875,112.775
1627195675.7539203,44.687,112.4366
1627195686.6439059,44.562,112.2116
1627195697.5142443,44.375,111.875
1627195708.3939703,44.187,111.53659999999999
1627195719.2743337,44.125,111.425
1627195730.1538424,44.0,111.2
1627195741.0355232,43.812,110.8616
1627195751.9147458,43.687,110.6366
1627195762.7944844,43.562,110.41159999999999
1627195773.6745791,43.375,110.075
1627195784.5539832,43.25,109.85000000000001
1627195795.4439166,43.125,109.625
1627195806.3144138,42.937,109.28659999999999
1627195817.194518,42.812,109.0616
1627195828.0744796,42.687,108.8366
1627195838.9544387,42.562,108.6116
1627195849.8345191,42.437,108.3866
1627195860.714437,42.312,108.16159999999999
1627195871.5944393,42.187,107.9366
1627195882.4844398,42.0,107.60000000000001
1627195893.3544998,41.812,107.2616
1627195904.2346814,41.687,107.03659999999999
1627195915.114296,41.562,106.8116
1627195925.994512,41.375,106.47500000000001
1627195936.8746586,41.187,106.1366
1627195947.7537692,41.062,105.91159999999999
1627195958.6344776,41.0,105.8
1627195969.5147328,40.875,105.575
1627195980.39449,40.687,105.2366
1627195991.274502,40.562,105.0116
1627196002.1545823,40.437,104.78659999999999
1627196013.0337567,40.312,104.5616
1627196023.9143057,40.187,104.3366
1627196034.7937465,40.125,104.22500000000001
1627196045.6745057,40.0,104.0
1627196056.5545805,39.875,103.775
1627196067.4344363,39.75,103.55
1627196078.314417,39.625,103.325
1627196089.19451,39.5,103.10000000000001
1627196100.0741074,39.375,102.875
1627196110.9545941,39.25,102.65
1627196121.8337266,39.125,102.425
1627196132.71379,39.062,102.3116
1627196143.5944264,38.937,102.0866
1627196154.4737387,38.812,101.8616
1627196165.3544486,38.75,101.75
1627196176.2345076,38.625,101.525
1627196187.1145842,38.5,101.3
1627196197.9944417,38.437,101.1866
1627196208.8745587,38.312,100.9616
1627196219.7542496,38.187,100.7366
1627196230.6344376,38.062,100.5116
1627196241.5144491,38.0,100.4
1627196252.3945498,37.937,100.28659999999999
1627196263.2743359,37.812,100.0616
1627196274.1543052,37.687,99.8366
1627196285.0337439,37.625,99.72500000000001
1627196295.9144504,37.5,99.5
1627196306.794442,37.375,99.275
1627196317.6744485,37.312,99.16159999999999
1627196328.5643835,37.187,98.9366
1627196339.4337683,37.062,98.7116
1627196350.314449,37.0,98.60000000000001
1627196361.194435,36.937,98.4866
1627196372.0745828,36.812,98.2616
1627196382.9547238,36.75,98.15
1627196393.8343887,36.625,97.925
1627196404.7137625,36.562,97.8116
1627196415.5946276,36.437,97.5866
1627196426.4745643,36.375,97.47500000000001
1627196437.394996,36.25,97.25
1627196448.314557,36.187,97.1366
1627196459.1943512,36.125,97.025
1627196470.074553,36.062,96.91159999999999
1627196480.9545455,35.937,96.6866
1627196491.8345723,35.875,96.575
1627196502.7137644,35.812,96.4616
1627196513.5945456,35.75,96.35000000000001
1627196524.4737682,35.625,96.125
1627196535.354489,35.562,96.0116
1627196546.2344987,35.5,95.9
1627196557.1137774,35.437,95.78659999999999
1627196568.0337777,35.375,95.67500000000001
1627196578.9543598,35.312,95.5616
1627196589.8345692,35.187,95.3366
1627196600.7144907,35.125,95.225
1627196611.5944374,35.062,95.1116
1627196622.4744835,35.0,95.0
1627196633.354539,34.875,94.775
1627196644.2345645,34.812,94.66159999999999
1627196655.1144989,34.75,94.55000000000001
1627196665.9945574,34.625,94.325
1627196676.8742182,34.562,94.2116
1627196687.7537642,34.5,94.1
1627196698.6345403,34.437,93.9866
1627196709.5144477,34.375,93.875
1627196720.3945477,34.312,93.76159999999999
1627196731.2743762,34.187,93.53659999999999
1627196742.153767,34.125,93.42500000000001
1627196753.0345054,34.062,93.3116
1627196763.914495,34.0,93.2
1627196774.7937665,33.937,93.0866
1627196785.6742268,33.875,92.975
1627196796.553765,33.812,92.8616
1627196807.4345942,33.75,92.75
1627196818.3143618,33.687,92.63659999999999
1627196829.1947134,33.625,92.525
1627196840.0745623,33.625,92.525
1627196850.9537873,33.5,92.30000000000001
1627196861.8337588,33.5,92.30000000000001
1627196872.714554,33.437,92.1866
1627196883.594638,33.375,92.075
1627196894.4738028,33.312,91.9616
1627196905.3545134,33.25,91.85
1627196916.2337778,33.187,91.7366
1627196927.1145895,33.125,91.625
1627196937.9945064,33.0,91.4
1627196948.9146981,32.937,91.28659999999999
1627196959.8343525,33.0,91.4
1627196970.7237701,33.0,91.4
1627196981.5937486,32.875,91.17500000000001
1627196992.4744937,32.812,91.0616
1627197003.3545055,32.75,90.95
1627197014.234509,32.687,90.8366
1627197025.1142964,32.562,90.6116
1627197035.9945958,32.5,90.5
1627197046.8744843,32.437,90.38659999999999
1627197057.7544897,32.375,90.275
1627197068.6344502,32.25,90.05000000000001
1627197079.5144975,32.25,90.05000000000001
1627197090.3944345,32.187,89.9366
1627197101.2744753,32.125,89.825
1627197112.1545062,32.062,89.7116
1627197123.0345004,32.0,89.6
1627197133.9142127,31.937,89.48660000000001
1627197144.7937505,31.875,89.375
1627197155.6744576,31.812,89.2616
1627197166.5537653,31.75,89.15
1627197177.4342923,31.75,89.15
1627197188.3144448,31.687,89.03659999999999
1627197199.193765,31.625,88.92500000000001
1627197210.0742807,31.562,88.8116
1627197220.954436,31.5,88.7
1627197231.8344996,31.437,88.5866
1627197242.7144375,31.375,88.475
1627197253.5946016,31.312,88.36160000000001
1627197264.4737465,31.25,88.25
1627197275.3544364,31.187,88.1366
1627197286.2341626,31.187,88.1366
1627197297.1145937,31.125,88.025
1627197307.993742,31.062,87.91159999999999
1627197318.874448,31.0,87.80000000000001
1627197329.7544866,31.0,87.80000000000001
1627197340.6344497,30.937,87.6866
1627197351.5144327,30.875,87.575
1627197362.3945303,30.812,87.4616
1627197373.274297,30.75,87.35
1627197384.154515,30.75,87.35
1627197395.0342648,30.625,87.125
1627197405.9542491,30.562,87.0116
1627197416.874585,30.562,87.0116
1627197427.7544456,30.5,86.9
1627197438.6344833,30.5,86.9
1627197449.5143106,30.437,86.78659999999999
1627197460.4041674,30.375,86.67500000000001
1627197471.274429,30.312,86.5616
1627197482.154457,30.312,86.5616
1627197493.0344486,30.25,86.45
1627197503.9144368,30.187,86.3366
1627197514.7939718,30.187,86.3366
1627197525.6737578,30.125,86.225
1627197536.554432,30.062,86.11160000000001
1627197547.4343112,30.062,86.11160000000001
1627197558.3144436,30.0,86.0
1627197569.194584,29.937,85.8866
1627197580.0744379,29.875,85.775
1627197590.954656,29.875,85.775
1627197601.8345158,29.812,85.66159999999999
1627197612.7143035,29.75,85.55000000000001
1627197623.604411,29.75,85.55000000000001
1627197634.473758,29.687,85.4366
1627197645.3544538,29.625,85.325
1627197656.234497,29.625,85.325
1627197667.1144457,29.562,85.2116
1627197677.9945433,29.562,85.2116
1627197688.8737426,29.5,85.1
1627197699.7544823,29.437,84.98660000000001
1627197710.634472,29.437,84.98660000000001
1627197721.5141103,29.375,84.875
1627197732.394674,29.375,84.875
1627197743.2737415,29.312,84.7616
1627197754.1545756,29.25,84.65
1627197765.0338156,29.187,84.53659999999999
1627197775.914305,29.187,84.53659999999999
1627197786.7947128,29.125,84.42500000000001
1627197797.6744525,29.062,84.3116
1627197808.55445,29.0,84.2
1627197819.434517,29.0,84.2
1627197830.3143616,28.937,84.0866
1627197841.194272,28.937,84.0866
1627197852.083721,28.875,83.975
1627197862.954488,28.875,83.975
1627197873.8340428,28.812,83.86160000000001
1627197884.7138467,28.812,83.86160000000001
1627197895.5944555,28.75,83.75
1627197906.4737291,28.75,83.75
1627197917.3544858,28.687,83.6366
1627197928.2443182,28.687,83.6366
1627197939.1143034,28.687,83.6366
1627197949.9945624,28.625,83.525
1627197960.873747,28.625,83.525
1627197971.7544563,28.562,83.41159999999999
1627197982.6344898,28.562,83.41159999999999
1627197993.5144393,28.5,83.30000000000001
1627198004.395529,28.437,83.1866
1627198015.2744706,28.437,83.1866
1627198026.154302,28.375,83.075
1627198037.0344503,28.375,83.075
1627198047.9145076,28.312,82.9616
1627198058.7942157,28.312,82.9616
1627198069.674506,28.25,82.85
1627198080.5545092,28.187,82.73660000000001
1627198091.4344025,28.187,82.73660000000001
1627198102.3145134,28.125,82.625
1627198113.1945953,28.125,82.625
1627198124.07384,28.125,82.625
1627198134.954263,28.062,82.5116
1627198145.834459,28.062,82.5116
1627198156.7144988,28.0,82.4
1627198167.5945373,28.0,82.4
1627198178.4737885,27.937,82.28659999999999
1627198189.3545554,27.937,82.28659999999999
1627198200.2345507,27.937,82.28659999999999
1627198211.1145012,27.875,82.17500000000001
1627198221.9944978,27.875,82.17500000000001
1627198232.8737702,27.812,82.0616
1627198243.7537727,27.812,82.0616
1627198254.6337783,27.812,82.0616
1627198265.5143616,27.812,82.0616
1627198276.394647,27.75,81.95
1627198287.2745492,27.75,81.95
1627198298.1537626,27.75,81.95
1627198309.0346107,27.625,81.725
1627198319.9145696,27.625,81.725
1627198330.794555,27.562,81.61160000000001
1627198341.6746085,27.562,81.61160000000001
1627198352.5637672,27.5,81.5
1627198363.4344962,27.5,81.5
1627198374.3145194,27.437,81.3866
1627198385.1944997,27.437,81.3866
1627198396.074561,27.375,81.275
1627198406.9537704,27.375,81.275
1627198417.8337808,27.375,81.275
1627198428.724356,27.312,81.16159999999999
1627198439.5945125,27.25,81.05000000000001
1627198450.4745092,27.25,81.05000000000001
1627198461.3545475,27.25,81.05000000000001
1627198472.2337613,27.187,80.9366
1627198483.1145587,27.187,80.9366
1627198494.0045712,27.187,80.9366
1627198504.8737638,27.125,80.825
1627198515.7544951,27.125,80.825
1627198526.6337624,27.062,80.7116
1627198537.514567,27.062,80.7116
1627198548.3945117,27.0,80.6
1627198559.2846134,27.0,80.6
1627198570.1545777,26.937,80.48660000000001
1627198581.0346992,26.937,80.48660000000001
1627198591.9137828,26.937,80.48660000000001
1627198602.7946057,26.875,80.375
1627198613.6745079,26.875,80.375
1627198624.5537636,26.812,80.2616
1627198635.4345422,26.812,80.2616
1627198646.3144946,26.812,80.2616
1627198657.1937969,26.75,80.15
1627198668.074307,26.75,80.15
1627198678.9645636,26.687,80.03659999999999
1627198689.8344347,26.687,80.03659999999999
1627198700.7144914,26.687,80.03659999999999
1627198711.5944507,26.625,79.92500000000001
1627198722.4745007,26.625,79.92500000000001
1627198733.3544312,26.625,79.92500000000001
1627198744.234453,26.562,79.8116
1627198755.114426,26.562,79.8116
1627198765.993751,26.5,79.7
1627198776.8737931,26.5,79.7
1627198787.7544456,26.437,79.5866
1627198798.634541,26.437,79.5866
1627198809.514133,26.437,79.5866
1627198820.393765,26.375,79.475
1627198831.2744477,26.375,79.475
1627198842.1547723,26.375,79.475
1627198853.0343041,26.312,79.36160000000001
1627198863.914504,26.312,79.36160000000001
1627198874.7937455,26.25,79.25
1627198885.674489,26.25,79.25
1627198896.554511,26.25,79.25
1627198907.434456,26.187,79.1366
1627198918.3144581,26.187,79.1366
1627198929.1944869,26.187,79.1366
1627198940.0744584,26.125,79.025
1627198950.9544315,26.125,79.025
1627198961.8342319,26.062,78.91159999999999
1627198972.724368,26.062,78.91159999999999
1627198983.5944638,26.062,78.91159999999999
1627198994.4737525,26.062,78.91159999999999
1627199005.3544424,26.062,78.91159999999999
1627199016.2344446,26.0,78.80000000000001
1627199027.1145587,26.0,78.80000000000001
1627199037.9944348,26.0,78.80000000000001
1627199048.8744938,26.0,78.80000000000001
1627199059.7544844,25.937,78.6866
1627199070.634489,25.937,78.6866
1627199081.5145743,25.937,78.6866
1627199092.394462,25.875,78.575
1627199103.2737741,25.875,78.575
1627199114.1545043,25.875,78.575
1627199125.0337267,25.875,78.575
1627199135.9137785,25.812,78.4616
1627199146.8041713,25.812,78.4616
1627199157.6745226,25.812,78.4616
1627199168.5544941,25.75,78.35
1627199179.434451,25.75,78.35
1627199190.314559,25.75,78.35
1627199201.1945186,25.687,78.23660000000001
1627199212.074448,25.687,78.23660000000001
1627199222.954493,25.687,78.23660000000001
1627199233.8345318,25.687,78.23660000000001
1627199244.7139852,25.625,78.125
1627199255.5937216,25.625,78.125
1627199266.473743,25.625,78.125
1627199277.3544378,25.562,78.0116
1627199288.234498,25.562,78.0116
1627199299.1144965,25.562,78.0116
1627199309.994456,25.562,78.0116
1627199320.874496,25.5,77.9
1627199331.7544389,25.5,77.9
1627199342.6344426,25.5,77.9
1627199353.514098,25.5,77.9
1627199364.393732,25.5,77.9
1627199375.2744517,25.437,77.78659999999999
1627199386.1545246,25.437,77.78659999999999
1627199397.0345082,25.437,77.78659999999999
1627199407.9139092,25.437,77.78659999999999
1627199418.7944264,25.375,77.67500000000001
1627199429.6744547,25.375,77.67500000000001
1627199440.5544896,25.375,77.67500000000001
1627199451.4344294,25.375,77.67500000000001
1627199462.3145335,25.312,77.5616
1627199473.2344792,25.312,77.5616
1627199484.1544967,25.312,77.5616
1627199495.0338235,25.25,77.45
1627199505.9144857,25.25,77.45
1627199516.794462,25.25,77.45
1627199527.6745229,25.25,77.45
1627199538.554451,25.187,77.3366
1627199549.434493,25.187,77.3366
1627199560.314518,25.187,77.3366
1627199571.19444,25.125,77.225
1627199582.0744812,25.125,77.225
1627199592.9544492,25.125,77.225
1627199603.8344347,25.125,77.225
1627199614.7137444,25.062,77.11160000000001
1627199625.5939255,25.062,77.11160000000001
1627199636.4744816,25.062,77.11160000000001
1627199647.3543117,25.062,77.11160000000001
1627199658.2344491,25.0,77.0
1627199669.1144516,25.0,77.0
1627199679.9944289,25.0,77.0
1627199690.8745666,25.0,77.0
1627199701.7544534,24.937,76.8866
1627199712.674313,24.937,76.8866
1627199723.5944905,24.937,76.8866
1627199734.4739447,24.937,76.8866
1627199745.3548062,24.875,76.775
1627199756.2344408,24.875,76.775
1627199767.1144476,24.875,76.775
1627199777.9944503,24.875,76.775
1627199788.8745518,24.875,76.775
1627199799.7543263,24.812,76.66159999999999
1627199810.6345072,24.812,76.66159999999999
1627199821.5145037,24.812,76.66159999999999
1627199832.3944843,24.812,76.66159999999999
1627199843.2744367,24.75,76.55000000000001
1627199854.1537268,24.75,76.55000000000001
1627199865.0344875,24.75,76.55000000000001
1627199875.9144475,24.75,76.55000000000001
1627199886.7944434,24.687,76.4366
1627199897.6745265,24.687,76.4366
1627199908.5537436,24.687,76.4366
1627199919.4344277,24.625,76.325
1627199930.3144293,24.625,76.325
1627199941.2045946,24.625,76.325
1627199952.0745742,24.625,76.325
1627199962.9544423,24.625,76.325
1627199973.8344839,24.562,76.2116
1627199984.7137437,24.562,76.2116
1627199995.6342986,24.562,76.2116
1627200006.553925,24.562,76.2116
1627200017.4338658,24.5,76.1
1627200028.3143058,24.5,76.1
1627200039.1944878,24.5,76.1
1627200050.0737453,24.5,76.1
1627200060.954388,24.5,76.1
1627200071.8337307,24.437,75.98660000000001
1627200082.7543006,24.437,75.98660000000001
1627200093.6750267,24.437,75.98660000000001
1627200104.5537472,24.437,75.98660000000001
1627200115.434596,24.437,75.98660000000001
1627200126.314442,24.437,75.98660000000001
1627200137.194498,24.375,75.875
1627200148.0744402,24.375,75.875
1627200158.9544206,24.375,75.875
1627200169.8344603,24.375,75.875
1627200180.7144377,24.312,75.7616
1627200191.5945158,24.312,75.7616
1627200202.4744632,24.312,75.7616
1627200213.3544827,24.312,75.7616
1627200224.2415798,24.312,75.7616
1627200235.1144288,24.312,75.7616
1627200245.9946737,24.312,75.7616
1627200256.8743033,24.25,75.65
1627200267.7544608,24.25,75.65
1627200278.6346111,24.25,75.65
1627200289.5144339,24.25,75.65
1627200300.3944964,24.25,75.65
1627200311.2745018,24.25,75.65
1627200322.15449,24.25,75.65
1627200333.0344498,24.187,75.53659999999999
1627200343.9144514,24.187,75.53659999999999
1627200354.7937293,24.187,75.53659999999999
1627200365.6744502,24.187,75.53659999999999
1627200376.554507,24.187,75.53659999999999
1627200387.4348722,24.187,75.53659999999999
1627200398.3146472,24.187,75.53659999999999
1627200409.1945217,24.125,75.42500000000001
1627200420.0745375,24.125,75.42500000000001
1627200430.954444,24.125,75.42500000000001
1627200441.8343163,24.125,75.42500000000001
1627200452.7144516,24.125,75.42500000000001
1627200463.594486,24.125,75.42500000000001
1627200474.4737484,24.062,75.3116
1627200485.3544395,24.062,75.3116
1627200496.2344353,24.062,75.3116
1627200507.1137626,24.062,75.3116
1627200517.9944422,24.062,75.3116
1627200528.874498,24.062,75.3116
1627200539.7945375,24.0,75.2
1627200550.7139194,24.0,75.2
1627200561.594511,24.0,75.2
1627200572.4743025,24.0,75.2
1627200583.3543036,24.0,75.2
1627200594.2345629,24.0,75.2
1627200605.1544425,24.0,75.2
1627200616.073745,23.937,75.0866
1627200626.9544406,23.937,75.0866
1627200637.8345022,23.937,75.0866
1627200648.7145026,23.937,75.0866
1627200659.5940368,23.937,75.0866
1627200670.4744525,23.875,74.975
1627200681.354495,23.875,74.975
1627200692.234347,23.875,74.975
1627200703.1144822,23.875,74.975
1627200713.9945393,23.875,74.975
1627200724.8737516,23.875,74.975
1627200735.7543507,23.875,74.975
1627200746.6345336,23.812,74.86160000000001
1627200757.514516,23.812,74.86160000000001
1627200768.394547,23.812,74.86160000000001
1627200779.2841897,23.812,74.86160000000001
1627200790.1644542,23.812,74.86160000000001
1627200801.0345113,23.75,74.75
1627200811.9145448,23.75,74.75
1627200822.7945552,23.75,74.75
1627200833.6745126,23.75,74.75
1627200844.5537477,23.75,74.75
1627200855.4344711,23.75,74.75
1627200866.314443,23.75,74.75
1627200877.1939988,23.687,74.6366
1627200888.0842886,23.687,74.6366
1627200898.9544468,23.687,74.6366
1627200909.835038,23.687,74.6366
1627200920.714396,23.687,74.6366
1627200931.5945575,23.687,74.6366
1627200942.473871,23.687,74.6366
1627200953.3541896,23.625,74.525
1627200964.2345803,23.625,74.525
1627200975.1143024,23.625,74.525
1627200985.9944606,23.625,74.525
1627200996.8737535,23.625,74.525
1627201007.754435,23.625,74.525
1627201018.6343799,23.562,74.41159999999999
1627201029.514502,23.562,74.41159999999999
1627201040.394249,23.562,74.41159999999999
1627201051.2748866,23.562,74.41159999999999
1627201062.1545053,23.562,74.41159999999999
1627201073.0345662,23.562,74.41159999999999
1627201083.954293,23.562,74.41159999999999
1627201094.8737485,23.5,74.30000000000001
1627201105.7537377,23.5,74.30000000000001
1627201116.6343086,23.5,74.30000000000001
1627201127.5141957,23.5,74.30000000000001
1627201138.394553,23.5,74.30000000000001
1627201149.2745695,23.5,74.30000000000001
1627201160.1545048,23.437,74.1866
1627201171.034498,23.437,74.1866
1627201181.9144886,23.5,74.30000000000001
1627201192.7945135,23.437,74.1866
1627201203.6742146,23.437,74.1866
1627201214.5537524,23.437,74.1866
1627201225.4345267,23.437,74.1866
1627201236.3144386,23.437,74.1866
1627201247.1945057,23.437,74.1866
1627201258.074598,23.375,74.075
1627201268.9545205,23.437,74.1866
1627201279.8343103,23.437,74.1866
1627201290.7144315,23.375,74.075
1627201301.6037643,23.375,74.075
1627201312.474578,23.375,74.075
1627201323.3539116,23.375,74.075
1627201334.2345047,23.375,74.075
1627201345.1142964,23.312,73.9616
1627201355.9945977,23.312,73.9616
1627201366.8739705,23.312,73.9616
1627201377.7542877,23.375,74.075
1627201388.63444,23.312,73.9616
1627201399.5144446,23.312,73.9616
1627201410.3946111,23.312,73.9616
1627201421.2742403,23.312,73.9616
1627201432.1544514,23.312,73.9616
1627201443.034493,23.312,73.9616
1627201453.9143002,23.25,73.85
1627201464.7937455,23.312,73.9616
1627201475.674256,23.25,73.85
1627201486.553743,23.25,73.85
1627201497.4344423,23.25,73.85
1627201508.3144479,23.25,73.85
1627201519.1944752,23.25,73.85
1627201530.0745819,23.25,73.85
1627201540.9537241,23.25,73.85
1627201551.8345008,23.25,73.85
1627201562.7145965,23.25,73.85
1627201573.59449,23.187,73.73660000000001
1627201584.4738617,23.187,73.73660000000001
1627201595.3545377,23.25,73.85
1627201606.2339709,23.187,73.73660000000001
1627201617.1144378,23.187,73.73660000000001
1627201627.9944398,23.187,73.73660000000001
1627201638.8744948,23.187,73.73660000000001
1627201649.7540214,23.187,73.73660000000001
1627201660.6344461,23.187,73.73660000000001
1627201671.5344455,23.187,73.73660000000001
1627201682.3944824,23.187,73.73660000000001
1627201693.2746341,23.187,73.73660000000001
1627201704.1544337,23.187,73.73660000000001
1627201715.0343332,23.125,73.625
1627201725.9144435,23.125,73.625
1627201736.7944393,23.125,73.625
1627201747.6755571,23.125,73.625
1627201758.5544233,23.125,73.625
1627201769.4843023,23.125,73.625
1627201780.3950408,23.125,73.625
1627201791.2745075,23.125,73.625
1627201802.1545813,23.125,73.625
1627201813.034442,23.062,73.5116
1627201823.9144993,23.125,73.625
1627201834.793767,23.062,73.5116
1627201845.674384,23.062,73.5116
1627201856.5543792,23.062,73.5116
1627201867.4344745,23.062,73.5116
1627201878.3144467,23.062,73.5116
1627201889.1944497,23.062,73.5116
1627201900.074525,23.062,73.5116
1627201910.9545636,23.062,73.5116
1627201921.8344932,23.0,73.4
1627201932.7143583,23.0,73.4
1627201943.594437,23.0,73.4
1627201954.4737659,23.0,73.4
1627201965.35459,23.0,73.4
1627201976.2344499,23.0,73.4
1627201987.1144435,23.0,73.4
1627201997.9944484,23.0,73.4
1627202008.8745642,23.0,73.4
1627202019.754023,23.0,73.4
1627202030.634502,22.937,73.28659999999999
1627202041.5144515,22.937,73.28659999999999
1627202052.3947825,22.937,73.28659999999999
1627202063.2744443,22.937,73.28659999999999
1627202074.1544254,22.937,73.28659999999999
1627202085.033766,22.937,73.28659999999999
1627202095.9142938,22.937,73.28659999999999
1627202106.7944493,22.937,73.28659999999999
1627202117.674501,22.937,73.28659999999999
1627202128.5545702,22.875,73.17500000000001
1627202139.4344234,22.875,73.17500000000001
1627202150.3144412,22.875,73.17500000000001
1627202161.1943178,22.875,73.17500000000001
1627202172.0744884,22.875,73.17500000000001
1627202182.954311,22.875,73.17500000000001
1627202193.834429,22.875,73.17500000000001
1627202204.7137547,22.875,73.17500000000001
1627202215.594441,22.875,73.17500000000001
1627202226.4744382,22.812,73.0616
1627202237.3539698,22.812,73.0616
1627202248.2344468,22.812,73.0616
1627202259.114296,22.812,73.0616
1627202269.9944582,22.812,73.0616
1627202280.8744311,22.812,73.0616
1627202291.7546053,22.812,73.0616
1627202302.6344507,22.812,73.0616
1627202313.5144439,22.812,73.0616
1627202324.3937657,22.812,73.0616
1627202335.2743626,22.812,73.0616
1627202346.1540544,22.75,72.95
1627202357.0345662,22.75,72.95
1627202367.914666,22.75,72.95
1627202378.7944393,22.75,72.95
1627202389.6745467,22.75,72.95
1627202400.553755,22.75,72.95
1627202411.434499,22.75,72.95
1627202422.31451,22.75,72.95
1627202433.1944356,22.75,72.95
1627202444.0744338,22.75,72.95
1627202454.9537473,22.75,72.95
1627202465.8337486,22.75,72.95
1627202476.7147334,22.75,72.95
1627202487.5945323,22.75,72.95
1627202498.474448,22.75,72.95
1627202509.363911,22.687,72.8366
1627202520.234509,22.687,72.8366
1627202531.114433,22.687,72.8366
1627202541.9945164,22.687,72.8366
1627202552.8744988,22.687,72.8366
1627202563.7547426,22.687,72.8366
1627202574.6337664,22.687,72.8366
1627202585.514441,22.687,72.8366
1627202596.3943744,22.687,72.8366
1627202607.27443,22.687,72.8366
1627202618.1546214,22.687,72.8366
1627202629.0337486,22.687,72.8366
1627202639.914481,22.687,72.8366
1627202650.7946177,22.687,72.8366
1627202661.674442,22.687,72.8366
1627202672.5543184,22.625,72.725
1627202683.43376,22.625,72.725
1627202694.3142984,22.687,72.8366
1627202705.1944427,22.625,72.725
1627202716.0744493,22.625,72.725
1627202726.9545822,22.625,72.725
1627202737.8345125,22.625,72.725
1627202748.7143052,22.625,72.725
1627202759.5944903,22.625,72.725
1627202770.474423,22.625,72.725
1627202781.354157,22.625,72.725
1627202792.2337708,22.625,72.725
1627202803.1145177,22.625,72.725
1627202813.9944606,22.625,72.725
1627202824.8737729,22.625,72.725
1627202835.753989,22.625,72.725
1627202846.6344361,22.625,72.725
1627202857.5145252,22.625,72.725
1627202868.394446,22.625,72.725
1627202879.2744381,22.625,72.725
1627202890.154016,22.625,72.725
1627202901.0337584,22.625,72.725
1627202911.9144866,22.562,72.61160000000001
1627202922.794452,22.562,72.61160000000001
1627202933.6744525,22.562,72.61160000000001
1627202944.563836,22.562,72.61160000000001
1627202955.4444933,22.562,72.61160000000001
1627202966.314425,22.562,72.61160000000001
1627202977.1945276,22.562,72.61160000000001
1627202988.0743425,22.562,72.61160000000001
1627202998.9643562,22.562,72.61160000000001
1627203009.8344874,22.562,72.61160000000001
1627203020.7144833,22.562,72.61160000000001
1627203031.5944397,22.562,72.61160000000001
1627203042.4745026,22.5,72.5
1627203053.3543851,22.562,72.61160000000001
1627203064.2345114,22.5,72.5
1627203075.1144333,22.5,72.5
1627203085.9945016,22.5,72.5
1627203096.8744411,22.5,72.5
1627203107.7546408,22.5,72.5
1627203118.6344478,22.5,72.5
1627203129.514442,22.5,72.5
1627203140.3945224,22.5,72.5
1627203151.2745006,22.5,72.5
1627203162.1549585,22.5,72.5
1627203173.033741,22.5,72.5
1627203183.914548,22.5,72.5
1627203194.7937288,22.437,72.3866
1627203205.674492,22.437,72.3866
1627203216.5544043,22.437,72.3866
1627203227.434651,22.437,72.3866
1627203238.3144314,22.437,72.3866
1627203249.1944454,22.437,72.3866
1627203260.1142926,22.437,72.3866
1627203271.043919,22.437,72.3866
1627203281.913764,22.437,72.3866
1627203292.7944593,22.437,72.3866
1627203303.6752715,22.437,72.3866
1627203314.553733,22.437,72.3866
1627203325.4345648,22.375,72.275
1627203336.3144896,22.375,72.275
1627203347.2043028,22.375,72.275
1627203358.0744486,22.375,72.275
1627203368.9544811,22.375,72.275
1627203379.8345618,22.375,72.275
1627203390.7137501,22.375,72.275
1627203401.594436,22.375,72.275
1627203412.4743006,22.375,72.275
1627203423.3537474,22.375,72.275
1627203434.2445617,22.375,72.275
1627203445.113743,22.375,72.275
1627203455.9944968,22.312,72.16159999999999
1627203466.8739805,22.312,72.16159999999999
1627203477.7544827,22.312,72.16159999999999
1627203488.6356337,22.312,72.16159999999999
1627203499.5146208,22.312,72.16159999999999
1627203510.3944373,22.312,72.16159999999999
1627203521.2746477,22.312,72.16159999999999
1627203532.154451,22.312,72.16159999999999
1627203543.0345848,22.312,72.16159999999999
1627203553.9143808,22.312,72.16159999999999
1627203564.7945015,22.312,72.16159999999999
1627203575.6752496,22.312,72.16159999999999
1627203586.5537708,22.312,72.16159999999999
1627203597.434005,22.312,72.16159999999999
1627203608.3137457,22.312,72.16159999999999
1627203619.1944635,22.312,72.16159999999999
1627203630.0743,22.312,72.16159999999999
1627203640.9544842,22.312,72.16159999999999
1627203651.8345578,22.312,72.16159999999999
1627203662.7140903,22.312,72.16159999999999
1627203673.5944376,22.312,72.16159999999999
1627203684.4737475,22.312,72.16159999999999
1627203695.394315,22.312,72.16159999999999
1627203706.3141925,22.312,72.16159999999999
1627203717.194652,22.312,72.16159999999999
1627203728.074417,22.312,72.16159999999999
1627203738.9544241,22.25,72.05000000000001
1627203749.8344188,22.25,72.05000000000001
1627203760.714132,22.25,72.05000000000001
1627203771.5944939,22.25,72.05000000000001
1627203782.474498,22.25,72.05000000000001
1627203793.35451,22.312,72.16159999999999
1627203804.2344487,22.312,72.16159999999999
1627203815.1142385,22.25,72.05000000000001
1627203825.994441,22.25,72.05000000000001
1627203836.874503,22.25,72.05000000000001
1627203847.754488,22.25,72.05000000000001
1627203858.634597,22.25,72.05000000000001
1627203869.5142035,22.25,72.05000000000001
1627203880.3937275,22.25,72.05000000000001
1627203891.2745018,22.25,72.05000000000001
1627203902.1544847,22.25,72.05000000000001
1627203913.0347106,22.25,72.05000000000001
1627203923.9144466,22.25,72.05000000000001
1627203934.7937634,22.25,72.05000000000001
1627203945.674309,22.25,72.05000000000001
1627203956.5543501,22.25,72.05000000000001
1627203967.434314,22.25,72.05000000000001
1627203978.3145728,22.25,72.05000000000001
1627203989.1944427,22.25,72.05000000000001
1627204000.074487,22.25,72.05000000000001
1627204010.9544632,22.25,72.05000000000001
1627204021.8346207,22.25,72.05000000000001
1627204032.7143764,22.25,72.05000000000001
1627204043.5944552,22.25,72.05000000000001
1627204054.4737663,22.25,72.05000000000001
1627204065.3544781,22.25,72.05000000000001
1627204076.2344444,22.187,71.9366
1627204087.1140232,22.25,72.05000000000001
1627204097.9944634,22.187,71.9366
1627204108.8744888,22.187,71.9366
1627204119.754301,22.187,71.9366
1627204130.6344512,22.187,71.9366
1627204141.5144532,22.187,71.9366
1627204152.3945124,22.187,71.9366
1627204163.2744334,22.187,71.9366
1627204174.1544514,22.187,71.9366
1627204185.0342102,22.187,71.9366
1627204195.9143767,22.187,71.9366
1627204206.7937598,22.187,71.9366
1627204217.6744576,22.187,71.9366
1627204228.5544035,22.187,71.9366
1627204239.4343712,22.187,71.9366
1627204250.3145506,22.187,71.9366
1627204261.1944773,22.187,71.9366
1627204272.0744574,22.187,71.9366
1627204282.9544256,22.125,71.825
1627204293.8344512,22.187,71.9366
1627204304.723757,22.125,71.825
1627204315.5944297,22.125,71.825
1627204326.4744375,22.125,71.825
1627204337.3544886,22.125,71.825
1627204348.2343044,22.125,71.825
1627204359.1137676,22.125,71.825
1627204369.99442,22.125,71.825
1627204380.874451,22.125,71.825
1627204391.7544959,22.125,71.825
1627204402.6344235,22.125,71.825
1627204413.514158,22.125,71.825
1627204424.3939066,22.125,71.825
1627204435.2746089,22.125,71.825
1627204446.1544497,22.125,71.825
1627204457.0344422,22.062,71.7116
1627204467.914565,22.125,71.825
1627204478.7944248,22.062,71.7116
1627204489.6744874,22.062,71.7116
1627204500.5544987,22.062,71.7116
1627204511.4344964,22.062,71.7116
1627204522.3145785,22.062,71.7116
1627204533.1937418,22.062,71.7116
1627204544.0744789,22.062,71.7116
1627204554.9537506,22.062,71.7116
1627204565.8337393,22.062,71.7116
1627204576.7241094,22.062,71.7116
1627204587.5945513,22.062,71.7116
1627204598.4744558,22.062,71.7116
1627204609.354492,22.062,71.7116
1627204620.2344458,22.062,71.7116
1627204631.124292,22.062,71.7116
1627204641.994432,22.062,71.7116
1627204652.8744884,22.062,71.7116
1627204663.7545803,22.062,71.7116
1627204674.6337616,22.062,71.7116
1627204685.5142374,22.062,71.7116
1627204696.3944354,22.062,71.7116
1627204707.2744796,22.062,71.7116
1627204718.1544456,22.062,71.7116
1627204729.0344453,22.062,71.7116
1627204739.9144108,22.0,71.6
1627204750.794477,22.0,71.6
1627204761.674494,22.0,71.6
1627204772.5545647,22.0,71.6
1627204783.4345868,22.0,71.6
1627204794.313974,22.062,71.7116
1627204805.1945412,22.0,71.6
1627204816.074441,22.0,71.6
1627204826.9545498,22.0,71.6
1627204837.834506,22.0,71.6
1627204848.7143764,22.0,71.6
1627204859.604394,22.0,71.6
1627204870.4744883,22.0,71.6
1627204881.3544009,22.0,71.6
1627204892.2344348,22.0,71.6
1627204903.114687,22.0,71.6
1627204913.9945269,22.0,71.6
1627204924.8842142,22.0,71.6
1627204935.7544403,22.0,71.6
1627204946.6344545,22.0,71.6
1627204957.515234,22.0,71.6
1627204968.3943756,22.0,71.6
1627204979.274376,22.0,71.6
1627204990.1546586,22.0,71.6
1627205001.034427,22.0,71.6
1627205011.914672,22.0,71.6
1627205022.7945597,22.0,71.6
1627205033.6745455,22.0,71.6
1627205044.5537333,22.0,71.6
1627205055.4344354,22.0,71.6
1627205066.314442,22.0,71.6
1627205077.194916,22.0,71.6
1627205088.0744846,22.0,71.6
1627205098.9545105,22.0,71.6
1627205109.8345647,22.0,71.6
1627205120.7146244,22.0,71.6
1627205131.5943058,22.0,71.6
1627205142.4744387,22.0,71.6
1627205153.3545861,22.0,71.6
1627205164.2345674,22.0,71.6
1627205175.1148398,22.0,71.6
1627205185.994512,22.0,71.6
1627205196.8747988,22.0,71.6
1627205207.7544284,22.0,71.6
1627205218.6345024,22.0,71.6
1627205229.5146618,22.0,71.6
1627205240.3945277,22.0,71.6
1627205251.2746506,21.937,71.48660000000001
1627205262.1644456,22.0,71.6
1627205273.0338151,21.937,71.48660000000001
1627205283.9144459,21.937,71.48660000000001
1627205294.8037386,21.937,71.48660000000001
1627205305.6747284,21.937,71.48660000000001
1627205316.5544448,21.937,71.48660000000001
1627205327.4347568,21.937,71.48660000000001
1627205338.3142996,21.937,71.48660000000001
1627205349.1937468,21.937,71.48660000000001
1627205360.0737543,21.937,71.48660000000001
1627205370.954584,21.937,71.48660000000001
1627205381.834787,21.937,71.48660000000001
1627205392.714446,21.937,71.48660000000001
1627205403.5937548,21.937,71.48660000000001
1627205414.473758,21.937,71.48660000000001
1627205425.3644943,21.937,71.48660000000001
1627205436.2345574,21.937,71.48660000000001
1627205447.1138644,21.937,71.48660000000001
1627205457.993742,21.937,71.48660000000001
1627205468.8740847,21.875,71.375
1627205479.7544417,21.875,71.375
1627205490.634542,21.937,71.48660000000001
1627205501.513866,21.937,71.48660000000001
1627205512.3944414,21.875,71.375
1627205523.2745452,21.875,71.375
1627205534.1545558,21.875,71.375
1627205545.0337257,21.875,71.375
1627205555.9144719,21.875,71.375
1627205566.7937653,21.875,71.375
1627205577.6745353,21.875,71.375
1627205588.5544496,21.875,71.375
1627205599.434446,21.875,71.375
1627205610.3145812,21.875,71.375
1627205621.1937413,21.875,71.375
1627205632.0738943,21.875,71.375
1627205642.954447,21.875,71.375
1627205653.834663,21.875,71.375
1627205664.7238476,21.875,71.375
1627205675.594449,21.875,71.375
1627205686.4745722,21.875,71.375
1627205697.3546362,21.812,71.2616
1627205708.2344356,21.875,71.375
1627205719.1140132,21.812,71.2616
1627205729.9950247,21.875,71.375
1627205740.8743052,21.875,71.375
1627205751.7544286,21.812,71.2616
1627205762.6346714,21.875,71.375
1627205773.5146532,21.812,71.2616
1627205784.3937237,21.812,71.2616
1627205795.2744284,21.812,71.2616
1627205806.1544793,21.812,71.2616
1627205817.0344975,21.812,71.2616
1627205827.9143348,21.812,71.2616
1627205838.7944348,21.812,71.2616
1627205849.6744456,21.812,71.2616
1627205860.5547004,21.875,71.375
1627205871.4344814,21.812,71.2616
1627205882.3145635,21.812,71.2616
1627205893.1945457,21.812,71.2616
1627205904.074455,21.812,71.2616
1627205914.9537618,21.812,71.2616
1627205925.8344812,21.812,71.2616
1627205936.714249,21.812,71.2616
1627205947.593749,21.812,71.2616
1627205958.4744422,21.812,71.2616
1627205969.3544328,21.812,71.2616
1627205980.234445,21.812,71.2616
1627205991.1142704,21.812,71.2616
1627206001.9937282,21.812,71.2616
1627206012.8744445,21.812,71.2616
1627206023.7544498,21.812,71.2616
1627206034.6337655,21.812,71.2616
1627206045.5145814,21.812,71.2616
1627206056.3937614,21.812,71.2616
1627206067.274501,21.812,71.2616
1627206078.154444,21.812,71.2616
1627206089.034432,21.812,71.2616
1627206099.9139333,21.812,71.2616
1627206110.7946184,21.812,71.2616
1627206121.6744914,21.812,71.2616
1627206132.5544333,21.812,71.2616
1627206143.4343984,21.812,71.2616
1627206154.313944,21.812,71.2616
1627206165.1944385,21.812,71.2616
1627206176.0839477,21.812,71.2616
1627206186.9544199,21.812,71.2616
1627206197.8344421,21.812,71.2616
1627206208.7144313,21.812,71.2616
1627206219.6338146,21.812,71.2616
1627206230.5544364,21.812,71.2616
1627206241.434426,21.812,71.2616
1627206252.3144307,21.812,71.2616
1627206263.1937394,21.812,71.2616
1627206274.0744307,21.812,71.2616
1627206284.953864,21.812,71.2616
1627206295.8345714,21.812,71.2616
1627206306.7144492,21.812,71.2616
1627206317.594496,21.812,71.2616
1627206328.4745061,21.812,71.2616
1627206339.3544405,21.812,71.2616
1627206350.2345476,21.812,71.2616
1627206361.12433,21.812,71.2616
1627206371.9937656,21.812,71.2616
1627206382.8744926,21.812,71.2616
1627206393.7545812,21.812,71.2616
1627206404.6337569,21.812,71.2616
1627206415.5145433,21.812,71.2616
1627206426.3944292,21.812,71.2616
1627206437.2744517,21.75,71.15
1627206448.1544268,21.812,71.2616
1627206459.0343938,21.812,71.2616
1627206469.9140575,21.812,71.2616
1627206480.7937434,21.812,71.2616
1627206491.674446,21.75,71.15
1627206502.5544393,21.75,71.15
1627206513.4344835,21.75,71.15
1627206524.3138957,21.75,71.15
1627206535.1946263,21.75,71.15
1627206546.0745158,21.75,71.15
1627206556.9544415,21.75,71.15
1627206567.8344378,21.75,71.15
1627206578.7145722,21.75,71.15
1627206589.5945144,21.75,71.15
1627206600.5142999,21.75,71.15
1627206611.4343176,21.75,71.15
1627206622.3144338,21.75,71.15
1627206633.203949,21.75,71.15
1627206644.0745168,21.75,71.15
1627206654.9537308,21.75,71.15
1627206665.8344884,21.75,71.15
1627206676.7144458,21.75,71.15
1627206687.6041777,21.75,71.15
1627206698.4737432,21.75,71.15
1627206709.3547175,21.75,71.15
1627206720.234498,21.75,71.15
1627206731.114499,21.687,71.03659999999999
1627206741.9944398,21.75,71.15
1627206752.8737488,21.75,71.15
1627206763.7544465,21.687,71.03659999999999
1627206774.6337507,21.75,71.15
1627206785.5144403,21.687,71.03659999999999
1627206796.3944516,21.687,71.03659999999999
1627206807.2744472,21.687,71.03659999999999
1627206818.1544492,21.75,71.15
1627206829.0344934,21.687,71.03659999999999
1627206839.9144635,21.687,71.03659999999999
1627206850.7944896,21.687,71.03659999999999
1627206861.6744356,21.687,71.03659999999999
1627206872.5545619,21.687,71.03659999999999
1627206883.4347095,21.687,71.03659999999999
1627206894.3141348,21.687,71.03659999999999
1627206905.2045364,21.687,71.03659999999999
1627206916.0737498,21.687,71.03659999999999
1627206926.954576,21.687,71.03659999999999
1627206937.8344917,21.687,71.03659999999999
1627206948.7144518,21.687,71.03659999999999
1627206959.6044664,21.687,71.03659999999999
1627206970.4739804,21.687,71.03659999999999
1627206981.3544426,21.687,71.03659999999999
1627206992.2344446,21.687,71.03659999999999
1627207003.1144423,21.687,71.03659999999999
1627207013.9944735,21.687,71.03659999999999
1627207024.873955,21.687,71.03659999999999
1627207035.753737,21.687,71.03659999999999
1627207046.634483,21.687,71.03659999999999
1627207057.5144994,21.687,71.03659999999999
1627207068.394441,21.687,71.03659999999999
1627207079.2744544,21.687,71.03659999999999
1627207090.1545012,21.687,71.03659999999999
1627207101.034458,21.687,71.03659999999999
1627207111.9144871,21.687,71.03659999999999
1627207122.7945144,21.687,71.03659999999999
1627207133.6745026,21.687,71.03659999999999
1627207144.553764,21.687,71.03659999999999
1627207155.434436,21.687,71.03659999999999
1627207166.3144362,21.687,71.03659999999999
1627207177.1944983,21.687,71.03659999999999
1627207188.0744936,21.687,71.03659999999999
1627207198.9544785,21.687,71.03659999999999
1627207209.833747,21.687,71.03659999999999
1627207220.7148075,21.687,71.03659999999999
1627207231.594544,21.687,71.03659999999999
1627207242.4744549,21.687,71.03659999999999
1627207253.3547668,21.687,71.03659999999999
1627207264.2427175,21.687,71.03659999999999
1627207275.1137543,21.687,71.03659999999999
1627207285.994507,21.687,71.03659999999999
1627207296.8744497,21.687,71.03659999999999
1627207307.7541432,21.687,71.03659999999999
1627207318.6337512,21.687,71.03659999999999
1627207329.5144498,21.687,71.03659999999999
1627207340.3948228,21.687,71.03659999999999
1627207351.2744942,21.687,71.03659999999999
1627207362.1545653,21.687,71.03659999999999
1627207373.0345538,21.687,71.03659999999999
1627207383.9137423,21.687,71.03659999999999
1627207394.7937424,21.687,71.03659999999999
1627207405.6744316,21.687,71.03659999999999
1627207416.5544775,21.687,71.03659999999999
1627207427.4343152,21.687,71.03659999999999
1627207438.3137455,21.687,71.03659999999999
1627207449.1944394,21.687,71.03659999999999
1627207460.074497,21.687,71.03659999999999
1627207470.954446,21.687,71.03659999999999
1627207481.8342073,21.687,71.03659999999999
1627207492.7137442,21.687,71.03659999999999
1627207503.6359107,21.687,71.03659999999999
1627207514.4738758,21.687,71.03659999999999
1627207525.3637528,21.687,71.03659999999999
1627207536.2344387,21.687,71.03659999999999
1627207547.1137445,21.687,71.03659999999999
1627207557.994428,21.687,71.03659999999999
1627207568.8744469,21.687,71.03659999999999
1627207579.7543921,21.687,71.03659999999999
1627207590.6345775,21.687,71.03659999999999
1627207601.5137436,21.687,71.03659999999999
1627207612.3944864,21.687,71.03659999999999
1627207623.2744431,21.687,71.03659999999999
1627207634.154628,21.687,71.03659999999999
1627207645.0337412,21.687,71.03659999999999
1627207655.9145508,21.687,71.03659999999999
1627207666.794546,21.687,71.03659999999999
1627207677.6745486,21.687,71.03659999999999
1627207688.5544891,21.625,70.92500000000001
1627207699.434445,21.625,70.92500000000001
1627207710.314448,21.625,70.92500000000001
1627207721.204493,21.625,70.92500000000001
1627207732.074436,21.625,70.92500000000001
1627207742.9544783,21.625,70.92500000000001
1627207753.834514,21.625,70.92500000000001
1627207764.7137492,21.625,70.92500000000001
1627207775.5944405,21.625,70.92500000000001
1627207786.4744453,21.625,70.92500000000001
1627207797.354568,21.625,70.92500000000001
1627207808.234497,21.625,70.92500000000001
1627207819.1245656,21.625,70.92500000000001
1627207829.993768,21.625,70.92500000000001
1627207840.8746774,21.625,70.92500000000001
1627207851.7544372,21.625,70.92500000000001
1627207862.6344302,21.625,70.92500000000001
1627207873.5144424,21.625,70.92500000000001
1627207884.393783,21.625,70.92500000000001
1627207895.274432,21.625,70.92500000000001
1627207906.1537833,21.625,70.92500000000001
1627207917.0344553,21.625,70.92500000000001
1627207927.914314,21.625,70.92500000000001
1627207938.7937334,21.625,70.92500000000001
1627207949.6745036,21.625,70.92500000000001
1627207960.5544913,21.625,70.92500000000001
1627207971.4344504,21.625,70.92500000000001
1627207982.3145769,21.625,70.92500000000001
1627207993.1944625,21.625,70.92500000000001
1627208004.0745425,21.625,70.92500000000001
1627208014.9537492,21.625,70.92500000000001
1627208025.8344455,21.625,70.92500000000001
1627208036.7143729,21.625,70.92500000000001
1627208047.5937665,21.625,70.92500000000001
1627208058.4744842,21.625,70.92500000000001
1627208069.3544798,21.625,70.92500000000001
1627208080.2344484,21.625,70.92500000000001
1627208091.1142974,21.625,70.92500000000001
1627208101.9944406,21.625,70.92500000000001
1627208112.8743417,21.625,70.92500000000001
1627208123.7644424,21.625,70.92500000000001
1627208134.6337261,21.625,70.92500000000001
1627208145.5144417,21.625,70.92500000000001
1627208156.4342837,21.625,70.92500000000001
1627208167.2744973,21.625,70.92500000000001
1627208178.1541204,21.625,70.92500000000001
1627208189.0444894,21.625,70.92500000000001
1627208199.9144442,21.625,70.92500000000001
1627208210.8039663,21.625,70.92500000000001
1627208221.674439,21.625,70.92500000000001
1627208232.554478,21.625,70.92500000000001
1627208243.4345016,21.625,70.92500000000001
1627208254.313918,21.562,70.8116
1627208265.1944394,21.625,70.92500000000001
1627208276.0737607,21.625,70.92500000000001
1627208286.9544926,21.625,70.92500000000001
1627208297.8345246,21.625,70.92500000000001
1627208308.714501,21.625,70.92500000000001
1627208319.5945091,21.625,70.92500000000001
1627208330.473745,21.625,70.92500000000001
1627208341.353931,21.625,70.92500000000001
1627208352.2344494,21.625,70.92500000000001
1627208363.1144361,21.625,70.92500000000001
1627208373.9944832,21.625,70.92500000000001
1627208384.8837442,21.625,70.92500000000001
1627208395.754808,21.625,70.92500000000001
1627208406.6344824,21.625,70.92500000000001
1627208417.514455,21.625,70.92500000000001
1627208428.3944285,21.625,70.92500000000001
1627208439.274443,21.625,70.92500000000001
1627208450.1544375,21.625,70.92500000000001
1627208461.0343776,21.625,70.92500000000001
1627208471.9144323,21.625,70.92500000000001
1627208482.7945213,21.625,70.92500000000001
1627208493.7143424,21.625,70.92500000000001
1627208504.633745,21.625,70.92500000000001
1627208515.514555,21.625,70.92500000000001
1627208526.3944247,21.625,70.92500000000001
1627208537.27457,21.625,70.92500000000001
1627208548.1537244,21.625,70.92500000000001
1627208559.0344892,21.625,70.92500000000001
1627208569.9244921,21.625,70.92500000000001
1627208580.7944343,21.625,70.92500000000001
1627208591.6744485,21.625,70.92500000000001
1627208602.5946574,21.625,70.92500000000001
1627208613.5144799,21.625,70.92500000000001
1627208624.3938563,21.625,70.92500000000001
1627208635.2743788,21.625,70.92500000000001
1627208646.154288,21.625,70.92500000000001
1627208657.0337453,21.625,70.92500000000001
1627208667.914426,21.625,70.92500000000001
1627208678.7944243,21.625,70.92500000000001
1627208689.6844943,21.625,70.92500000000001
1627208700.5637763,21.625,70.92500000000001
1627208711.4341965,21.625,70.92500000000001
1627208722.3137505,21.625,70.92500000000001
1627208733.194456,21.625,70.92500000000001
1627208744.0744336,21.625,70.92500000000001
1627208754.9537435,21.625,70.92500000000001
1627208765.843978,21.562,70.8116
1627208776.7141948,21.625,70.92500000000001
1627208787.5945177,21.625,70.92500000000001
1627208798.4743674,21.562,70.8116
1627208809.3544238,21.625,70.92500000000001
1627208820.234497,21.625,70.92500000000001
1627208831.113743,21.562,70.8116
1627208841.994385,21.562,70.8116
1627208852.8745055,21.562,70.8116
1627208863.7545033,21.625,70.92500000000001
1627208874.6337655,21.562,70.8116
1627208885.5145884,21.562,70.8116
1627208896.3943102,21.562,70.8116
1627208907.2745016,21.562,70.8116
1627208918.1544771,21.562,70.8116
1627208929.0743198,21.562,70.8116
1627208940.0045457,21.562,70.8116
1627208950.874302,21.562,70.8116
1627208961.7544596,21.562,70.8116
1627208972.644448,21.562,70.8116
1627208983.5143795,21.562,70.8116
1627208994.3937552,21.562,70.8116
1627209005.2744956,21.562,70.8116
1627209016.1943145,21.562,70.8116
1627209027.1144416,21.562,70.8116
1627209037.99444,21.562,70.8116
1627209048.9145472,21.562,70.8116
1627209059.8337443,21.562,70.8116
1627209070.7144387,21.562,70.8116
1627209081.594507,21.562,70.8116
1627209092.474497,21.562,70.8116
1627209103.3541718,21.562,70.8116
1627209114.243752,21.562,70.8116
1627209125.1143017,21.562,70.8116
1627209135.9944377,21.562,70.8116
1627209146.8744955,21.562,70.8116
1627209157.7544873,21.562,70.8116
1627209168.6337636,21.562,70.8116
1627209179.5243871,21.562,70.8116
1627209190.39449,21.562,70.8116
1627209201.2744353,21.562,70.8116
1627209212.154448,21.562,70.8116
1627209223.0337272,21.562,70.8116
1627209233.9144356,21.562,70.8116
1627209244.7937799,21.562,70.8116
1627209255.6744952,21.562,70.8116
1627209266.5544474,21.562,70.8116
1627209277.4344454,21.562,70.8116
1627209288.3144448,21.562,70.8116
1627209299.234297,21.562,70.8116
1627209310.1544302,21.562,70.8116
1627209321.0344903,21.562,70.8116
1627209331.9239721,21.562,70.8116
1627209342.7944386,21.562,70.8116
1627209353.6744533,21.562,70.8116
1627209364.5538554,21.562,70.8116
1627209375.434446,21.562,70.8116
1627209386.3146017,21.562,70.8116
1627209397.1945002,21.562,70.8116
1627209408.0745132,21.562,70.8116
1627209418.9543757,21.562,70.8116
1627209429.8344538,21.562,70.8116
1627209440.714447,21.562,70.8116
1627209451.593744,21.562,70.8116
1627209462.4744432,21.562,70.8116
1627209473.3544443,21.562,70.8116
1627209484.2345002,21.562,70.8116
1627209495.1143,21.562,70.8116
1627209505.9944308,21.562,70.8116
1627209516.8744903,21.562,70.8116
1627209527.7542973,21.562,70.8116
1627209538.6344595,21.562,70.8116
1627209549.5144362,21.562,70.8116
1627209560.393761,21.562,70.8116
1627209571.2744515,21.562,70.8116
1627209582.154443,21.562,70.8116
1627209593.0344095,21.562,70.8116
1627209603.9137454,21.562,70.8116
1627209614.7937617,21.562,70.8116
1627209625.6744428,21.562,70.8116
1627209636.55443,21.562,70.8116
1627209647.4342084,21.562,70.8116
1627209658.31444,21.562,70.8116
1627209669.1946645,21.562,70.8116
1627209680.0737462,21.562,70.8116
1627209690.9544363,21.562,70.8116
1627209701.8344347,21.562,70.8116
1627209712.714305,21.562,70.8116
1627209723.634535,21.562,70.8116
1627209734.4737866,21.562,70.8116
1627209745.3544915,21.562,70.8116
1627209756.2344313,21.562,70.8116
1627209767.1137424,21.562,70.8116
1627209777.994504,21.562,70.8116
1627209788.9143205,21.562,70.8116
1627209799.8337593,21.562,70.8116
1627209810.7144427,21.562,70.8116
1627209821.5944965,21.562,70.8116
1627209832.474445,21.562,70.8116
1627209843.3550928,21.562,70.8116
1627209854.2337506,21.562,70.8116
1627209865.1143036,21.562,70.8116
1627209875.99446,21.562,70.8116
1627209886.8744383,21.562,70.8116
1627209897.7542276,21.562,70.8116
1627209908.6337454,21.562,70.8116
1627209919.5244443,21.562,70.8116
1627209930.394435,21.562,70.8116
1627209941.2744741,21.562,70.8116
1627209952.154494,21.562,70.8116
1627209963.0338826,21.562,70.8116
1627209973.9144886,21.562,70.8116
1627209984.794443,21.562,70.8116
1627209995.6745944,21.562,70.8116
1627210006.5543153,21.562,70.8116
1627210017.434443,21.562,70.8116
1627210028.3144267,21.562,70.8116
1627210039.194453,21.562,70.8116
1627210050.0745182,21.562,70.8116
1627210060.9542887,21.562,70.8116
1627210071.8344913,21.562,70.8116
1627210082.7144952,21.5,70.7
1627210093.594437,21.562,70.8116
1627210104.4737449,21.5,70.7
1627210115.3645933,21.562,70.8116
1627210126.234114,21.562,70.8116
1627210137.1143477,21.562,70.8116
1627210147.9945426,21.5,70.7
1627210158.8745792,21.5,70.7
1627210169.7544231,21.5,70.7
1627210180.6339753,21.5,70.7
1627210191.514428,21.5,70.7
1627210202.3944547,21.562,70.8116
1627210213.2744968,21.5,70.7
1627210224.1544776,21.5,70.7
1627210235.0338237,21.5,70.7
1627210245.913746,21.5,70.7
1627210256.794442,21.5,70.7
1627210267.6843095,21.5,70.7
1627210278.5545,21.5,70.7
1627210289.4345121,21.562,70.8116
1627210300.313743,21.5,70.7
1627210311.1944366,21.5,70.7
1627210322.0749137,21.5,70.7
1627210332.9543848,21.5,70.7
1627210343.834478,21.5,70.7
1627210354.7137506,21.5,70.7
1627210365.59452,21.5,70.7
1627210376.474754,21.5,70.7
1627210387.354793,21.5,70.7
1627210398.2344868,21.5,70.7
1627210409.1137483,21.5,70.7
1627210419.9944446,21.5,70.7
1627210430.8742943,21.5,70.7
1627210441.7544324,21.5,70.7
1627210452.6345093,21.5,70.7
1627210463.5144322,21.5,70.7
1627210474.3937302,21.5,70.7
1627210485.2744417,21.5,70.7
1627210496.15443,21.562,70.8116
1627210507.033756,21.5,70.7
1627210517.9244475,21.5,70.7
1627210528.7944648,21.5,70.7
1627210539.6744986,21.5,70.7
1627210550.5544858,21.5,70.7
1627210561.4344513,21.562,70.8116
1627210572.3137705,21.562,70.8116
1627210583.1937428,21.5,70.7
1627210594.074481,21.562,70.8116
1627210604.9537437,21.5,70.7
1627210615.8345082,21.5,70.7
1627210626.7144282,21.5,70.7
1627210637.593747,21.5,70.7
1627210648.4744477,21.562,70.8116
1627210659.3544364,21.5,70.7
1627210670.274366,21.562,70.8116
1627210681.1945195,21.562,70.8116
1627210692.0737402,21.562,70.8116
1627210702.9544873,21.562,70.8116
1627210713.8343937,21.562,70.8116
1627210724.7137527,21.5,70.7
1627210735.5944858,21.562,70.8116
1627210746.4737291,21.562,70.8116
1627210757.354511,21.562,70.8116
1627210768.2344968,21.562,70.8116
1627210779.1144335,21.562,70.8116
1627210789.994449,21.562,70.8116
1627210800.873752,21.562,70.8116
1627210811.7537591,21.5,70.7
1627210822.6344438,21.562,70.8116
1627210833.5144403,21.562,70.8116
1627210844.3943071,21.562,70.8116
1627210855.2737556,21.562,70.8116
1627210866.154347,21.562,70.8116
1627210877.03449,21.5,70.7
1627210887.9145024,21.562,70.8116
1627210898.794487,21.562,70.8116
1627210909.6752472,21.562,70.8116
1627210920.5537438,21.562,70.8116
1627210931.4343784,21.562,70.8116
1627210942.314483,21.562,70.8116
1627210953.1944327,21.562,70.8116
1627210964.074452,21.562,70.8116
1627210974.9537473,21.562,70.8116
1627210985.8447354,21.562,70.8116
1627210996.7144516,21.5,70.7
1627211007.6045053,21.562,70.8116
1627211018.4744456,21.5,70.7
1627211029.35375,21.562,70.8116
1627211040.2344904,21.562,70.8116
1627211051.1144438,21.562,70.8116
1627211061.9946606,21.562,70.8116
1627211072.884497,21.5,70.7
1627211083.7544467,21.5,70.7
1627211094.6342444,21.562,70.8116
1627211105.514443,21.5,70.7
1627211116.3944392,21.5,70.7
1627211127.2744358,21.5,70.7
1627211138.1537476,21.5,70.7
1627211149.0344353,21.5,70.7
1627211159.9144354,21.5,70.7
1627211170.7945807,21.5,70.7
1627211181.6745303,21.5,70.7
1627211192.5544338,21.5,70.7
1627211203.434479,21.5,70.7
1627211214.314427,21.5,70.7
1627211225.1950278,21.5,70.7
1627211236.0744898,21.5,70.7
1627211246.954301,21.5,70.7
1627211257.8337543,21.5,70.7
1627211268.7144551,21.5,70.7
1627211279.594445,21.5,70.7
1627211290.4744158,21.5,70.7
1627211301.3547244,21.5,70.7
1627211312.2437394,21.5,70.7
1627211323.1145055,21.5,70.7
1627211333.9945176,21.5,70.7
1627211344.8737566,21.5,70.7
1627211355.7544916,21.5,70.7
1627211366.6344304,21.5,70.7
1627211377.5144827,21.5,70.7
1627211388.3944333,21.5,70.7
1627211399.274574,21.5,70.7
1627211410.1643705,21.5,70.7
1627211421.0337439,21.5,70.7
1627211431.914495,21.5,70.7
1627211442.7944784,21.5,70.7
1627211453.6744912,21.5,70.7
1627211464.5537512,21.5,70.7
1627211475.434439,21.5,70.7
1627211486.3138137,21.5,70.7
1627211497.1945133,21.5,70.7
1627211508.0745075,21.5,70.7
1627211518.9544458,21.5,70.7
1627211529.8342884,21.5,70.7
1627211540.713745,21.5,70.7
1627211551.594436,21.5,70.7
1627211562.4743376,21.5,70.7
1627211573.3545134,21.5,70.7
1627211584.2337663,21.5,70.7
1627211595.1142402,21.5,70.7
1627211605.9945002,21.5,70.7
1627211616.8744693,21.5,70.7
1627211627.7543066,21.5,70.7
1627211638.63444,21.5,70.7
1627211649.5144436,21.5,70.7
1627211660.3948276,21.5,70.7
1627211671.3144119,21.5,70.7
1627211682.1544251,21.5,70.7
1627211693.03448,21.5,70.7
1627211703.9137657,21.5,70.7
1627211714.7941878,21.5,70.7
1627211725.6744506,21.5,70.7
1627211736.554483,21.5,70.7
1627211747.4337583,21.5,70.7
1627211758.3144877,21.5,70.7
1627211769.1937616,21.5,70.7
1627211780.074845,21.5,70.7
1627211790.9544353,21.5,70.7
1627211801.8344405,21.5,70.7
1627211812.7144778,21.5,70.7
1627211823.5937638,21.5,70.7
1627211834.4737718,21.5,70.7
1627211845.3542912,21.5,70.7
1627211856.2344341,21.5,70.7
1627211867.1137602,21.5,70.7
1627211877.9944832,21.5,70.7
1627211888.8744452,21.5,70.7
1627211899.754505,21.5,70.7
1627211910.6345026,21.5,70.7
1627211921.523922,21.5,70.7
1627211932.3944368,21.5,70.7
1627211943.2744372,21.5,70.7
1627211954.1644976,21.5,70.7
1627211965.0341902,21.5,70.7
1627211975.9144502,21.5,70.7
1627211986.79387,21.5,70.7
1627211997.6751163,21.5,70.7
1627212008.5543,21.5,70.7
1627212019.4344382,21.5,70.7
1627212030.3144438,21.5,70.7
1627212041.2037423,21.5,70.7
1627212052.0745032,21.5,70.7
1627212062.9544387,21.5,70.7
1627212073.8345191,21.5,70.7
1627212084.713758,21.5,70.7
1627212095.5939074,21.5,70.7
1627212106.473748,21.5,70.7
1627212117.3547323,21.5,70.7
1627212128.2445009,21.5,70.7
1627212139.1145113,21.5,70.7
1627212149.994558,21.5,70.7
1627212160.8737528,21.5,70.7
1627212171.7544339,21.5,70.7
1627212182.63444,21.5,70.7
1627212193.5144799,21.5,70.7
1627212204.3937492,21.5,70.7
1627212215.3150725,21.5,70.7
1627212226.2346575,21.5,70.7
1627212237.1144447,21.5,70.7
1627212247.9942815,21.5,70.7
1627212258.8744833,21.5,70.7
1627212269.7537305,21.5,70.7
1627212280.6344447,21.5,70.7
1627212291.5145195,21.5,70.7
1627212302.3945267,21.5,70.7
1627212313.3142958,21.5,70.7
1627212324.2338765,21.5,70.7
1627212335.114296,21.5,70.7
1627212345.9945111,21.5,70.7
1627212356.8744793,21.5,70.7
1627212367.7643247,21.5,70.7
1627212378.634015,21.437,70.5866
1627212389.5137436,21.437,70.5866
1627212400.3944435,21.437,70.5866
1627212411.2744803,21.437,70.5866
1627212422.1541932,21.437,70.5866
1627212433.0344229,21.437,70.5866
1627212443.9137554,21.5,70.7
1627212454.7937841,21.437,70.5866
1627212465.6743097,21.437,70.5866
1627212476.5544355,21.437,70.5866
1627212487.4344692,21.437,70.5866
1627212498.3137417,21.437,70.5866
1627212509.194499,21.437,70.5866
1627212520.0844362,21.437,70.5866
1627212530.954306,21.437,70.5866
1627212541.8345127,21.437,70.5866
1627212552.714303,21.437,70.5866
1627212563.594489,21.437,70.5866
1627212574.4737487,21.437,70.5866
1627212585.3543792,21.437,70.5866
1627212596.2341788,21.437,70.5866
1627212607.1140985,21.437,70.5866
1627212617.994572,21.437,70.5866
1627212628.8744862,21.437,70.5866
1627212639.7544494,21.437,70.5866
1627212650.6348047,21.437,70.5866
1627212661.5145056,21.437,70.5866
1627212672.3940659,21.437,70.5866
1627212683.2744393,21.437,70.5866
1627212694.1544366,21.437,70.5866
1627212705.033764,21.437,70.5866
1627212715.9144297,21.437,70.5866
1627212726.7944276,21.437,70.5866
1627212737.6744373,21.437,70.5866
1627212748.5544412,21.437,70.5866
1627212759.4345353,21.437,70.5866
1627212770.31419,21.437,70.5866
1627212781.193765,21.437,70.5866
1627212792.0743656,21.437,70.5866
1627212802.9544275,21.437,70.5866
1627212813.844729,21.437,70.5866
1627212824.713739,21.437,70.5866
1627212835.5939107,21.437,70.5866
1627212846.473744,21.437,70.5866
1627212857.3544357,21.437,70.5866
1627212868.2345088,21.437,70.5866
1627212879.1144435,21.437,70.5866
1627212889.9937673,21.437,70.5866
1627212900.8737464,21.437,70.5866
1627212911.754479,21.437,70.5866
1627212922.6344464,21.437,70.5866
1627212933.5144358,21.437,70.5866
1627212944.393763,21.437,70.5866
1627212955.2743049,21.437,70.5866
1627212966.1543,21.437,70.5866
1627212977.0347552,21.437,70.5866
1627212987.9542878,21.437,70.5866
1627212998.8744311,21.437,70.5866
1627213009.7544994,21.437,70.5866
1627213020.6345105,21.437,70.5866
1627213031.5141847,21.5,70.7
1627213042.394436,21.5,70.7
1627213053.2744873,21.437,70.5866
1627213064.1542008,21.437,70.5866
1627213075.0337424,21.437,70.5866
1627213085.914431,21.5,70.7
1627213096.794529,21.437,70.5866
1627213107.6743066,21.5,70.7
1627213118.554051,21.5,70.7
1627213129.4337478,21.437,70.5866
1627213140.314445,21.437,70.5866
1627213151.19444,21.5,70.7
1627213162.074504,21.437,70.5866
1627213172.9544568,21.5,70.7
1627213183.8337522,21.5,70.7
1627213194.7137487,21.5,70.7
1627213205.594448,21.5,70.7
1627213216.4744482,21.5,70.7
1627213227.3544433,21.437,70.5866
1627213238.2337556,21.5,70.7
1627213249.1144323,21.437,70.5866
1627213259.9945743,21.5,70.7
1627213270.87451,21.437,70.5866
1627213281.7545195,21.437,70.5866
1627213292.6337514,21.437,70.5866
1627213303.5143957,21.437,70.5866
1627213314.3937554,21.437,70.5866
1627213325.27443,21.437,70.5866
1627213336.1544337,21.437,70.5866
1627213347.0337658,21.437,70.5866
1627213357.914723,21.437,70.5866
1627213368.7944992,21.437,70.5866
1627213379.6744711,21.437,70.5866
1627213390.5544431,21.437,70.5866
1627213401.4343503,21.437,70.5866
1627213412.3144248,21.437,70.5866
1627213423.1945271,21.437,70.5866
1627213434.0746605,21.437,70.5866
1627213444.9537265,21.437,70.5866
1627213455.8340619,21.437,70.5866
1627213466.7137427,21.437,70.5866
1627213477.5944366,21.437,70.5866
1627213488.4744458,21.437,70.5866
1627213499.3544564,21.437,70.5866
1627213510.2345045,21.437,70.5866
1627213521.113745,21.437,70.5866
1627213531.9944344,21.437,70.5866
1627213542.8744903,21.437,70.5866
1627213553.7543645,21.437,70.5866
1627213564.6337395,21.437,70.5866
1627213575.523747,21.437,70.5866
1627213586.3945074,21.437,70.5866
1627213597.2737443,21.437,70.5866
1627213608.1546154,21.437,70.5866
1627213619.0344992,21.437,70.5866
1627213629.9137301,21.437,70.5866
1627213640.794499,21.437,70.5866
1627213651.67445,21.437,70.5866
1627213662.5544374,21.437,70.5866
1627213673.4344864,21.437,70.5866
1627213684.3137677,21.375,70.475
1627213695.1944919,21.437,70.5866
1627213706.0744972,21.437,70.5866
1627213716.9544356,21.437,70.5866
1627213727.8346846,21.375,70.475
1627213738.7144535,21.437,70.5866
1627213749.5937939,21.437,70.5866
1627213760.474304,21.437,70.5866
1627213771.354454,21.437,70.5866
1627213782.2344472,21.437,70.5866
1627213793.1139696,21.437,70.5866
1627213803.993739,21.437,70.5866
1627213814.874609,21.437,70.5866
1627213825.7544293,21.437,70.5866
1627213836.6343093,21.437,70.5866
1627213847.513841,21.437,70.5866
1627213858.393743,21.375,70.475
1627213869.274486,21.375,70.475
1627213880.1645007,21.375,70.475
1627213891.0344875,21.437,70.5866
1627213901.9144409,21.437,70.5866
1627213912.7937825,21.437,70.5866
1627213923.674502,21.437,70.5866
1627213934.553767,21.437,70.5866
1627213945.4344354,21.437,70.5866
1627213956.3144796,21.437,70.5866
1627213967.1937447,21.437,70.5866
1627213978.0744298,21.437,70.5866
1627213988.9547088,21.437,70.5866
1627213999.834504,21.437,70.5866
1627214010.7143238,21.437,70.5866
1627214021.604325,21.437,70.5866
1627214032.4743748,21.437,70.5866
1627214043.3544436,21.437,70.5866
1627214054.2443116,21.437,70.5866
1627214065.1141813,21.437,70.5866
1627214075.9945292,21.437,70.5866
1627214086.8738592,21.437,70.5866
1627214097.754781,21.437,70.5866
1627214108.6344526,21.437,70.5866
1627214119.5144453,21.437,70.5866
1627214130.3944366,21.437,70.5866
1627214141.273733,21.437,70.5866
1627214152.1544456,21.437,70.5866
1627214163.0341995,21.437,70.5866
1627214173.9143002,21.437,70.5866
1627214184.7937758,21.437,70.5866
1627214195.6740267,21.437,70.5866
1627214206.5544362,21.437,70.5866
1627214217.434433,21.437,70.5866
1627214228.3142846,21.437,70.5866
1627214239.1944492,21.437,70.5866
1627214250.0743127,21.437,70.5866
1627214260.9543512,21.437,70.5866
1627214271.8344386,21.437,70.5866
1627214282.714449,21.437,70.5866
1627214293.594421,21.437,70.5866
1627214304.4737425,21.437,70.5866
1627214315.3544946,21.437,70.5866
1627214326.2345016,21.437,70.5866
1627214337.1543767,21.437,70.5866
1627214347.9945102,21.437,70.5866
1627214358.8744404,21.437,70.5866
1627214369.7537475,21.437,70.5866
1627214380.6345053,21.437,70.5866
1627214391.5144286,21.437,70.5866
1627214402.394465,21.437,70.5866
1627214413.2744524,21.437,70.5866
1627214424.154439,21.437,70.5866
1627214435.0341911,21.437,70.5866
1627214445.9144511,21.437,70.5866
1627214456.794452,21.437,70.5866
1627214467.6745472,21.437,70.5866
1627214478.553746,21.437,70.5866
1627214489.434439,21.437,70.5866
1627214500.313771,21.437,70.5866
1627214511.1943047,21.437,70.5866
1627214522.0744834,21.437,70.5866
1627214532.95372,21.437,70.5866
1627214543.8344398,21.437,70.5866
1627214554.7137434,21.437,70.5866
1627214565.5944455,21.437,70.5866
1627214576.4745183,21.437,70.5866
1627214587.3537505,21.437,70.5866
1627214598.2344356,21.437,70.5866
1627214609.1148188,21.437,70.5866
1627214619.99449,21.437,70.5866
1627214630.874492,21.437,70.5866
1627214641.754459,21.437,70.5866
1627214652.6337593,21.437,70.5866
1627214663.514498,21.437,70.5866
1627214674.3937433,21.375,70.475
1627214685.2741988,21.437,70.5866
1627214696.154443,21.437,70.5866
1627214707.0344899,21.375,70.475
1627214717.9137552,21.375,70.475
1627214728.7944925,21.437,70.5866
1627214739.6744502,21.375,70.475
1627214750.554448,21.375,70.475
1627214761.4340136,21.375,70.475
1627214772.3137436,21.375,70.475
1627214783.1945066,21.375,70.475
1627214794.0744298,21.375,70.475
1627214804.9537444,21.375,70.475
1627214815.8344984,21.375,70.475
1627214826.7137299,21.375,70.475
1627214837.5938706,21.375,70.475
1627214848.4744506,21.375,70.475
1627214859.354229,21.375,70.475
1627214870.2345505,21.375,70.475
1627214881.1143007,21.375,70.475
1627214891.9944575,21.375,70.475
1627214902.8745906,21.375,70.475
1627214913.7545068,21.375,70.475
1627214924.6337402,21.375,70.475
1627214935.5145032,21.375,70.475
1627214946.3944325,21.375,70.475
1627214957.2744327,21.375,70.475
1627214968.1543832,21.375,70.475
1627214979.0345802,21.375,70.475
1627214989.9140272,21.375,70.475
1627215000.7944472,21.375,70.475
1627215011.7142973,21.375,70.475
1627215022.6344414,21.375,70.475
1627215033.5145235,21.375,70.475
1627215044.3986032,21.375,70.475
1627215055.2745016,21.375,70.475
1627215066.1545112,21.375,70.475
1627215077.0344436,21.375,70.475
1627215087.9144526,21.375,70.475
1627215098.7944963,21.437,70.5866
1627215109.6744416,21.375,70.475
1627215120.554414,21.375,70.475
1627215131.4743047,21.375,70.475
1627215142.394443,21.437,70.5866
1627215153.2744477,21.437,70.5866
1627215164.1537478,21.437,70.5866
1627215175.0343196,21.375,70.475
1627215185.9144328,21.375,70.475
1627215196.7939055,21.437,70.5866
1627215207.6744983,21.437,70.5866
1627215218.5544372,21.437,70.5866
1627215229.43445,21.437,70.5866
1627215240.314384,21.437,70.5866
1627215251.1945078,21.437,70.5866
1627215262.0744224,21.437,70.5866
1627215272.9544516,21.437,70.5866
1627215283.8345046,21.437,70.5866
1627215294.7137406,21.437,70.5866
1627215305.5944393,21.437,70.5866
1627215316.4744785,21.437,70.5866
1627215327.3540974,21.437,70.5866
1627215338.2337532,21.437,70.5866
1627215349.114439,21.437,70.5866
1627215359.9953797,21.437,70.5866
1627215370.874496,21.437,70.5866
1627215381.754489,21.437,70.5866
1627215392.6344292,21.437,70.5866
1627215403.51376,21.437,70.5866
1627215414.3938076,21.437,70.5866
1627215425.2744834,21.437,70.5866
1627215436.1547065,21.437,70.5866
1627215447.0337644,21.437,70.5866
1627215457.9142966,21.437,70.5866
1627215468.794489,21.437,70.5866
1627215479.6744957,21.437,70.5866
1627215490.5544348,21.437,70.5866
1627215501.4337459,21.437,70.5866
1627215512.314433,21.437,70.5866
1627215523.1944711,21.437,70.5866
1627215534.074431,21.437,70.5866
1627215544.9537473,21.437,70.5866
1627215555.834487,21.437,70.5866
1627215566.7145846,21.437,70.5866
1627215577.5937536,21.437,70.5866
1627215588.474581,21.437,70.5866
1627215599.3549721,21.437,70.5866
1627215610.2345006,21.437,70.5866
1627215621.1143184,21.437,70.5866
1627215631.9944396,21.437,70.5866
1627215642.8744538,21.437,70.5866
1627215653.7544384,21.437,70.5866
1627215664.6337948,21.437,70.5866
1627215675.5145023,21.437,70.5866
1627215686.394494,21.437,70.5866
1627215697.274234,21.437,70.5866
1627215708.154508,21.375,70.475
1627215719.0340016,21.375,70.475
1627215729.913749,21.437,70.5866
1627215740.7937605,21.375,70.475
1627215751.6744518,21.375,70.475
1627215762.5544302,21.375,70.475
1627215773.4346483,21.375,70.475
1627215784.3137522,21.375,70.475
1627215795.1944463,21.375,70.475
1627215806.0744393,21.375,70.475
1627215816.9546974,21.375,70.475
1627215827.8346636,21.375,70.475
1627215838.7137666,21.375,70.475
1627215849.5945249,21.375,70.475
1627215860.5143573,21.375,70.475
1627215871.434428,21.375,70.475
1627215882.314654,21.375,70.475
1627215893.1953316,21.375,70.475
1627215904.0744202,21.375,70.475
1627215914.953728,21.375,70.475
1627215925.8343198,21.375,70.475
1627215936.714488,21.375,70.475
1627215947.5937269,21.375,70.475
1627215958.4747515,21.375,70.475
1627215969.354496,21.375,70.475
1627215980.2344813,21.375,70.475
1627215991.114577,21.375,70.475
1627216001.9937592,21.375,70.475
1627216012.8737462,21.375,70.475
1627216023.7544835,21.375,70.475
1627216034.6337426,21.375,70.475
1627216045.514441,21.375,70.475
1627216056.39421,21.375,70.475
1627216067.2737582,21.375,70.475
1627216078.154581,21.375,70.475
1627216089.0345128,21.375,70.475
1627216099.9143038,21.375,70.475
1627216110.794514,21.375,70.475
1627216121.673749,21.375,70.475
1627216132.5545006,21.375,70.475
1627216143.434557,21.375,70.475
1627216154.3241537,21.375,70.475
1627216165.194518,21.375,70.475
1627216176.0745096,21.375,70.475
1627216186.9940856,21.375,70.475
1627216197.9144495,21.375,70.475
1627216208.7944853,21.375,70.475
1627216219.674434,21.375,70.475
1627216230.553743,21.375,70.475
1627216241.5243533,21.437,70.5866
1627216252.394435,21.375,70.475
1627216263.274501,21.375,70.475
1627216274.1546488,21.375,70.475
1627216285.0345666,21.375,70.475
1627216295.9542284,21.375,70.475
1627216306.873761,21.375,70.475
1627216317.7544348,21.375,70.475
1627216328.6345031,21.375,70.475
1627216339.5137432,21.375,70.475
1627216350.3944755,21.437,70.5866
1627216361.2744272,21.375,70.475
1627216372.1544187,21.437,70.5866
1627216383.0352836,21.375,70.475
1627216393.9137475,21.375,70.475
1627216404.7937436,21.375,70.475
1627216415.7643726,21.375,70.475
1627216426.6345348,21.375,70.475
1627216437.5142076,21.437,70.5866
1627216448.3945088,21.437,70.5866
1627216459.2746077,21.437,70.5866
1627216470.154496,21.437,70.5866
1627216481.0344384,21.437,70.5866
1627216491.9144027,21.437,70.5866
1627216502.7944758,21.375,70.475
1627216513.6744525,21.437,70.5866
1627216524.55375,21.437,70.5866
1627216535.4345188,21.437,70.5866
1627216546.314443,21.437,70.5866
1627216557.193971,21.437,70.5866
1627216568.0743136,21.437,70.5866
1627216578.9544404,21.437,70.5866
1627216589.834197,21.437,70.5866
1627216600.7144394,21.437,70.5866
1627216611.5941863,21.437,70.5866
1627216622.4737415,21.437,70.5866
1627216633.3544846,21.437,70.5866
1627216644.2742972,21.437,70.5866
1627216655.1944387,21.437,70.5866
1627216666.0741541,21.437,70.5866
1627216676.9537444,21.437,70.5866
1627216687.8345017,21.437,70.5866
1627216698.7146478,21.437,70.5866
1627216709.5946565,21.437,70.5866
1627216720.4744391,21.437,70.5866
1627216731.353748,21.437,70.5866
1627216742.2344413,21.437,70.5866
1627216753.1144505,21.437,70.5866
1627216763.9946146,21.375,70.475
1627216774.8737595,21.437,70.5866
1627216785.7537487,21.375,70.475
1627216796.6337478,21.437,70.5866
1627216807.5145485,21.375,70.475
1627216818.394441,21.437,70.5866
1627216829.2744777,21.375,70.475
1627216840.1537497,21.375,70.475
1627216851.0344493,21.375,70.475
1627216861.9145014,21.375,70.475
1627216872.7944822,21.375,70.475
1627216883.6744418,21.375,70.475
1627216894.553735,21.375,70.475
1627216905.4344194,21.437,70.5866
1627216916.314446,21.375,70.475
1627216927.194508,21.375,70.475
1627216938.0741985,21.375,70.475
1627216948.9537497,21.375,70.475
1627216959.844582,21.375,70.475
1627216970.714475,21.375,70.475
1627216981.5944254,21.375,70.475
1627216992.4744897,21.375,70.475
1627217003.36432,21.375,70.475
1627217014.233765,21.375,70.475
1627217025.1143079,21.375,70.475
1627217035.994451,21.375,70.475
1627217046.8744936,21.375,70.475
1627217057.754446,21.375,70.475
1627217068.633746,21.375,70.475
1627217079.5144908,21.375,70.475
1627217090.3945537,21.375,70.475
1627217101.2744942,21.375,70.475
1627217112.1545,21.375,70.475
1627217123.0344493,21.375,70.475
1627217133.9144769,21.375,70.475
1627217144.79374,21.375,70.475
1627217155.6744816,21.375,70.475
1627217166.5544415,21.375,70.475
1627217177.4337525,21.375,70.475
1627217188.3144403,21.375,70.475
1627217199.1944811,21.375,70.475
1627217210.0744476,21.375,70.475
1627217220.9544427,21.375,70.475
1627217231.8437855,21.375,70.475
1627217242.71374,21.375,70.475
1627217253.5945232,21.375,70.475
1627217264.473748,21.375,70.475
1627217275.3544781,21.375,70.475
1627217286.2344434,21.375,70.475
1627217297.1237376,21.375,70.475
1627217307.9944434,21.375,70.475
1627217318.8744495,21.375,70.475
1627217329.754489,21.375,70.475
1627217340.6345136,21.375,70.475
1627217351.5543065,21.375,70.475
1627217362.4738739,21.375,70.475
1627217373.354472,21.375,70.475
1627217384.2337587,21.375,70.475
1627217395.114452,21.375,70.475
1627217405.9937694,21.375,70.475
1627217416.8837497,21.375,70.475
1627217427.754498,21.375,70.475
1627217438.6344454,21.375,70.475
1627217449.5244393,21.375,70.475
1627217460.3939664,21.375,70.475
1627217471.2744372,21.375,70.475
1627217482.1543725,21.375,70.475
1627217493.0344923,21.375,70.475
1627217503.914304,21.375,70.475
1627217514.793975,21.375,70.475
1627217525.673747,21.375,70.475
1627217536.5544295,21.437,70.5866
1627217547.4344854,21.375,70.475
1627217558.3145633,21.375,70.475
1627217569.1945121,21.375,70.475
1627217580.0837631,21.437,70.5866
1627217590.9543846,21.437,70.5866
1627217601.8344336,21.437,70.5866
1627217612.7144408,21.375,70.475
1627217623.6044319,21.375,70.475
1627217634.4737504,21.437,70.5866
1627217645.3545692,21.437,70.5866
1627217656.2343135,21.375,70.475
1627217667.1143029,21.437,70.5866
1627217677.994447,21.437,70.5866
1627217688.873966,21.437,70.5866
1627217699.7544317,21.437,70.5866
1627217710.6344907,21.437,70.5866
1627217721.5145533,21.437,70.5866
1627217732.395289,21.375,70.475
1627217743.274628,21.437,70.5866
1627217754.1537488,21.437,70.5866
1627217765.0338159,21.437,70.5866
1627217775.9144447,21.437,70.5866
1627217786.8044782,21.437,70.5866
1627217797.6745992,21.437,70.5866
1627217808.5537817,21.437,70.5866
1627217819.4345078,21.437,70.5866
1627217830.314448,21.437,70.5866
1627217841.194582,21.437,70.5866
1627217852.074487,21.437,70.5866
1627217862.9544506,21.437,70.5866
1627217873.834436,21.437,70.5866
1627217884.7137423,21.375,70.475
1627217895.5944552,21.437,70.5866
1627217906.4847085,21.375,70.475
1627217917.3537457,21.437,70.5866
1627217928.234433,21.375,70.475
1627217939.114505,21.375,70.475
1627217949.9944284,21.375,70.475
1627217960.8744943,21.375,70.475
1627217971.7540295,21.375,70.475
1627217982.633832,21.375,70.475
1627217993.5143018,21.375,70.475
1627218004.3937283,21.375,70.475
1627218015.274448,21.375,70.475
1627218026.154521,21.375,70.475
1627218037.0344324,21.375,70.475
1627218047.9145582,21.375,70.475
1627218058.7945898,21.375,70.475
1627218069.674367,21.375,70.475
1627218080.5543714,21.375,70.475
1627218091.4339926,21.375,70.475
1627218102.3137515,21.375,70.475
1627218113.194558,21.375,70.475
1627218124.0745485,21.375,70.475
1627218134.953769,21.375,70.475
1627218145.8345144,21.375,70.475
1627218156.7237768,21.375,70.475
1627218167.5937438,21.375,70.475
1627218178.4744906,21.375,70.475
1627218189.354491,21.375,70.475
1627218200.2344394,21.375,70.475
1627218211.1144984,21.375,70.475
1627218221.994514,21.375,70.475
1627218232.8737602,21.375,70.475
1627218243.754442,21.375,70.475
1627218254.633763,21.375,70.475
1627218265.5137832,21.375,70.475
1627218276.3945084,21.375,70.475
1627218287.284923,21.375,70.475
1627218298.15375,21.375,70.475
1627218309.0345566,21.375,70.475
1627218319.9143746,21.375,70.475
1627218330.794498,21.375,70.475
1627218341.6745036,21.375,70.475
1627218352.5537686,21.375,70.475
1627218363.433772,21.375,70.475
1627218374.3138883,21.375,70.475
1627218385.1946156,21.375,70.475
1627218396.0745819,21.375,70.475
1627218406.9544892,21.375,70.475
1627218417.834211,21.375,70.475
1627218428.714503,21.375,70.475
1627218439.5944974,21.375,70.475
1627218450.4745526,21.375,70.475
1627218461.354557,21.375,70.475
1627218472.2345781,21.375,70.475
1627218483.1137648,21.375,70.475
1627218493.9944804,21.375,70.475
1627218504.8745613,21.375,70.475
1627218515.7545128,21.375,70.475
1627218526.6344967,21.375,70.475
1627218537.5138745,21.375,70.475
1627218548.3937883,21.375,70.475
1627218559.274368,21.375,70.475
1627218570.15449,21.375,70.475
1627218581.0345995,21.375,70.475
1627218591.9145727,21.375,70.475
1627218602.793755,21.375,70.475
1627218613.6744018,21.375,70.475
1627218624.5537686,21.375,70.475
1627218635.4345756,21.375,70.475
1627218646.3143573,21.375,70.475
1627218657.194436,21.375,70.475
1627218668.0744858,21.437,70.5866
1627218678.9544919,21.437,70.5866
1627218689.834482,21.375,70.475
1627218700.7144318,21.437,70.5866
1627218711.5944588,21.437,70.5866
1627218722.4939835,21.437,70.5866
1627218733.3544998,21.437,70.5866
1627218744.2383692,21.437,70.5866
